{
"vertices":[
[5.27796,3.2839],
[5.22523,1.6628],
[6.2607,9.45652],
[6.3906,4.02444],
[-1.8982,7.49559],
[6.2607,0.906952],
[8.59465,3.73016],
[0.624709,3.73457],
[3.74589,0.919984],
[2.41689,1.60143],
[1.24424,1.23898],
[1.4101,1.40554],
[6.26179,5.17235],
[4.71405,6.3419],
[5.12139,7.14542],
[4.47628,8.76092],
[8.75905,0.354515],
[9.654,1.2478],
[7.21042,1.21682],
[8.29021,3.50836],
[8.36726,3.52688],
[7.52796,6.71913],
[8.75576,9.04586],
[7.35922,8.3496],
[7.18048,7.60201],
[11.9588,7.48236],
[8.86561,5.96719],
[3.74918,5.94284],
[2.60369,6.61028],
[3.74918,4.04745],
[3.14005,3.73842],
[1.24763,5.94361],
[1.24199,4.35334],
[3.75576,9.0642],
[2.60369,8.38712],
[1.25082,9.07118]
],
"edges":[
[[1.24424,1.23898],[0,1.23898]],
[[1.24424,1.23898],[1.24424,0]],
[[-1.8982,7.49559],[0,7.49559]],
[[-1.8982,7.49559],[1.25082,9.07118]],
[[1.25082,9.07118],[1.25082,10]],
[[0.624709,3.73457],[0,3.73457]],
[[0.624709,3.73457],[1.4101,1.40554]],
[[1.24424,1.23898],[1.4101,1.40554]],
[[-1.8982,7.49559],[1.24763,5.94361]],
[[0.624709,3.73457],[1.24199,4.35334]],
[[1.24763,5.94361],[1.24199,4.35334]],
[[2.60369,6.61028],[1.24763,5.94361]],
[[2.60369,8.38712],[1.25082,9.07118]],
[[2.60369,6.61028],[2.60369,8.38712]],
[[2.41689,1.60143],[1.4101,1.40554]],
[[3.14005,3.73842],[1.24199,4.35334]],
[[2.41689,1.60143],[3.14005,3.73842]],
[[3.74589,0.919984],[2.41689,1.60143]],
[[3.74589,0.919984],[3.74589,0]],
[[3.74918,4.04745],[3.14005,3.73842]],
[[3.74918,5.94284],[2.60369,6.61028]],
[[3.74918,5.94284],[3.74918,4.04745]],
[[3.75576,9.0642],[2.60369,8.38712]],
[[3.75576,9.0642],[3.75576,10]],
[[5.22523,1.6628],[3.74589,0.919984]],
[[5.27796,3.2839],[3.74918,4.04745]],
[[5.27796,3.2839],[5.22523,1.6628]],
[[4.47628,8.76092],[3.75576,9.0642]],
[[4.71405,6.3419],[3.74918,5.94284]],
[[5.12139,7.14542],[4.47628,8.76092]],
[[4.71405,6.3419],[5.12139,7.14542]],
[[5.22523,1.6628],[6.2607,0.906952]],
[[6.2607,0.906952],[6.2607,0]],
[[6.2607,9.45652],[4.47628,8.76092]],
[[6.2607,9.45652],[6.2607,10]],
[[6.26179,5.17235],[4.71405,6.3419]],
[[5.27796,3.2839],[6.3906,4.02444]],
[[6.3906,4.02444],[6.26179,5.17235]],
[[5.12139,7.14542],[7.18048,7.60201]],
[[6.2607,9.45652],[7.35922,8.3496]],
[[7.35922,8.3496],[7.18048,7.60201]],
[[6.26179,5.17235],[7.52796,6.71913]],
[[7.52796,6.71913],[7.18048,7.60201]],
[[6.2607,0.906952],[7.21042,1.21682]],
[[6.3906,4.02444],[8.29021,3.50836]],
[[7.21042,1.21682],[8.29021,3.50836]],
[[8.75576,9.04586],[7.35922,8.3496]],
[[8.75576,9.04586],[8.75576,10]],
[[8.75905,0.354515],[7.21042,1.21682]],
[[8.75905,0.354515],[8.75905,0]],
[[8.29021,3.50836],[8.36726,3.52688]],
[[7.52796,6.71913],[8.86561,5.96719]],
[[8.59465,3.73016],[8.36726,3.52688]],
[[8.59465,3.73016],[8.86561,5.96719]],
[[8.75905,0.354515],[9.654,1.2478]],
[[9.654,1.2478],[8.36726,3.52688]],
[[11.9588,7.48236],[8.86561,5.96719]],
[[8.75576,9.04586],[11.9588,7.48236]],
[[9.654,1.2478],[10,1.2478]],
[[8.59465,3.73016],[10,3.73016]],
[[11.9588,7.48236],[10,7.48236]]
]
}
